Workbook
Name Base_Interest: Dashboard!$C$31
Name Calc_Scalar: Calculations!$C$6
Name Input_FaceAmount: Dashboard!$C$7
Name Input_IntShock: Dashboard!$C$30
Name Input_MortShock: Dashboard!$C$29
Name Input_TargetYear: Dashboard!$C$8
Name Output_Premium: Calculations!$F$3
Name Output_Reserve: Calculations!$F$4
Name Scaling_Factor: Calculations!$C$6

Sheet Dashboard
B2: Level Term Life Insurance – Pricing & Reserving Dashboard
B5: Model Inputs | E5: Key Outputs | H5: Interest Rate Sensitivity
B7: Face Amount ($): | C7: 100000 | E7: Annual Net Level Premium: | F7: =Output_Premium -> 103.35 | H7: Rate | I7: Net Premium
B8: Target Policy Year: | C8: 12 | E8: Reserve at Target Year: | F8: =Output_Reserve -> 667.75987 | H8: =Calculations!B12 -> 0.02 | I8: =Calculations!C12 -> 118.81
H9: =Calculations!B13 -> 0.03 | I9: =Calculations!C13 -> 113.42
H10: =Calculations!B14 -> 0.04 | I10: =Calculations!C14 -> 108.27
H11: =Calculations!B15 -> 0.05 | I11: =Calculations!C15 -> 103.35
H12: =Calculations!B16 -> 0.06 | I12: =Calculations!C16 -> 98.67

Sheet Calculations
B2: Python Base Assumptions | E2: Dashboard Feeders
B3: Base Face Amount: | C3: 100000 | E3: Scaled Premium: | F3: =C4 * Calc_Scalar -> 103.35
B4: Base Net Premium: | C4: 103.35 | E4: Target Year Reserve: | F4: =INDEX(tbl_MasterData[Terminal_Reserve], MATCH(Input_TargetYear, tbl_MasterData[Policy_Year], 0)) * Calc_Scalar -> 667.75987
B6: Scaling Factor: | C6: =Input_FaceAmount / C3 -> 1
B10: Sensitivity Scaling Engine
B11: Interest Rate | C11: Scaled Premium
B12: =Sensitivity!A2 -> 0.02 | C12: =Sensitivity!B2* Calc_Scalar -> 118.81
B13: =Sensitivity!A3 -> 0.03 | C13: =Sensitivity!B3* Calc_Scalar -> 113.42
B14: =Sensitivity!A4 -> 0.04 | C14: =Sensitivity!B4* Calc_Scalar -> 108.27
B15: =Sensitivity!A5 -> 0.05 | C15: =Sensitivity!B5* Calc_Scalar -> 103.35
B16: =Sensitivity!A6 -> 0.06 | C16: =Sensitivity!B6* Calc_Scalar -> 98.67

Sheet Data_feed
A1: Policy_Year | B1: Attained_Age | C1: qx | D1: px | E1: tpx | F1: v_premium | G1: v_benefit | H1: EPV_Benefit_Base | I1: EPV_Premium_Base | J1: Terminal_Reserve
A2: 1 | B2: 35 | C2: 0.00021 | D2: 0.99979 | E2: 1 | F2: 1 | G2: 0.95238095 | H2: 0.0002 | I2: 1 | J2: 87.537661
A3: 2 | B3: 36 | C3: 0.00029 | D3: 0.99971 | E3: 0.99979 | F3: 0.95238095 | G3: 0.90702948 | H3: 0.00026298331 | I3: 0.95218095 | J3: 171.48355
A4: 3 | B4: 37 | C4: 0.00042 | D4: 0.99958 | E4: 0.99950006 | F4: 0.90702948 | G4: 0.8638376 | H4: 0.00036263041 | I4: 0.90657602 | J4: 246.68061
A5: 4 | B5: 38 | C5: 0.00049 | D5: 0.99951 | E5: 0.99908027 | F5: 0.8638376 | G5: 0.82270247 | H5: 0.00040275345 | I5: 0.8630431 | J5: 318.69008
A6: 5 | B6: 39 | C6: 0.00057 | D6: 0.99943 | E6: 0.99859072 | F6: 0.82270247 | G6: 0.78352617 | H6: 0.00044598052 | I6: 0.82154306 | J6: 386.36409
A7: 6 | B7: 40 | C7: 0.00064 | D7: 0.99936 | E7: 0.99802152 | F7: 0.78352617 | G7: 0.7462154 | H7: 0.00047663298 | I7: 0.78197598 | J7: 450.48989
A8: 7 | B8: 41 | C8: 0.00073 | D8: 0.99927 | E8: 0.99738279 | F8: 0.7462154 | G8: 0.71068133 | H8: 0.00051743957 | I8: 0.7442624 | J8: 508.90516
A9: 8 | B9: 42 | C9: 0.00087 | D9: 0.99913 | E9: 0.9966547 | F9: 0.71068133 | G9: 0.67683936 | H9: 0.00058688037 | I9: 0.70830389 | J9: 556.35372
A10: 9 | B10: 43 | C10: 0.00099 | D10: 0.99901 | E10: 0.99578761 | F10: 0.67683936 | G10: 0.64460892 | H10: 0.00063547464 | I10: 0.67398825 | J10: 594.27902
A11: 10 | B11: 44 | C11: 0.00107 | D11: 0.99893 | E11: 0.99480178 | F11: 0.64460892 | G11: 0.61391325 | H11: 0.00065347254 | I11: 0.6412581 | J11: 626.18227
A12: 11 | B12: 45 | C12: 0.00114 | D12: 0.99886 | E12: 0.99373734 | F12: 0.61391325 | G12: 0.58467929 | H12: 0.00066236011 | I12: 0.61006853 | J12: 652.7548
A13: 12 | B13: 46 | C13: 0.00127 | D13: 0.99873 | E13: 0.99260448 | F13: 0.58467929 | G13: 0.55683742 | H13: 0.00070195353 | I13: 0.58035528 | J13: 667.75987
... A21: 20 | B21: 54 | C21: 0.00305 | D21: 0.99695 | E21: 0.97712629 | F21: 0.39573396 | G21: 0.37688948 | H21: 0.0011232193 | I21: 0.38668205 | J21: 0

Sheet Sensitivity
A1: Interest Rate | B1: Net Level Premium
A2: 0.02 | B2: 118.81
A3: 0.03 | B3: 113.42
A4: 0.04 | B4: 108.27
A5: 0.05 | B5: 103.35
A6: 0.06 | B6: 98.67
